company,ticker,year,year_end_price,dividend_per_share,dividend_yield,dividend_growth,dividend_growth_category,annual_stock_return,return_category,total_return,return_volatility,average_return,dividend_consistency,revenue,net_income,total_assets,profit_margin,roa,dividend_yield_normalized,dividend_growth_normalized,annual_stock_return_normalized,total_return_normalized,return_volatility_normalized,profit_margin_normalized,roa_normalized,eps,payout_ratio
Apple,AAPL,2015,26.315000534057617,0.5075000000000001,1.93,,First Year,,First Year,,36.16,31.01,90.91,,,,,,0.19230769230769235,,,,1.0000000000000002,,,,
Apple,AAPL,2016,28.95499992370605,0.5575,1.93,9.85,Increased,10.03,Positive,11.96,36.16,31.01,90.91,,,,,,0.19230769230769235,0.6666666666666665,0.40097568652136284,0.37137605480825475,1.0000000000000002,,,,
Apple,AAPL,2017,42.307498931884766,0.615,1.45,10.31,Increased,46.11,Positive,47.56,36.16,31.01,90.91,,,,,,0.13275434243176182,0.698744769874477,0.684868990479188,0.6688110953296016,1.0000000000000002,,,,
Apple,AAPL,2018,39.435001373291016,0.705,1.79,14.63,Increased,-6.79,Negative,-5.0,36.16,31.01,90.91,,,,,,0.17493796526054595,0.9999999999999999,0.2686285309623102,0.22967666471718612,1.0000000000000002,,,,
Apple,AAPL,2019,73.4124984741211,0.76,1.04,7.8,Increased,86.16,Positive,87.2,36.16,31.01,90.91,,,,,,0.08188585607940449,0.5237099023709901,1.0,1.0,1.0000000000000002,,,,
Apple,AAPL,2020,132.69000244140625,0.8075,0.61,6.25,Increased,80.75,Positive,81.36,36.16,31.01,90.91,,,,,,0.028535980148883373,0.41562064156206413,0.9574317412857032,0.9512072854875095,1.0000000000000002,,,,
Apple,AAPL,2021,177.57000732421875,0.865,0.49,7.12,Increased,33.82,Positive,34.31,36.16,31.01,90.91,,,,,,0.013647642679900748,0.4762900976290097,0.5881658667086318,0.5581084468209543,1.0000000000000002,,,,
Apple,AAPL,2022,129.92999267578125,0.91,0.7,5.2,Increased,-26.83,Negative,-26.13,36.16,31.01,90.91,394328000000.0,99803000000.0,352755000000.0,25.309640705199733,28.29244092925685,0.039702233250620354,0.3423988842398884,0.11094499960657803,0.053137271284150744,1.0000000000000002,0.5943559404729671,0.8973458461221065,6.11,14.893617021276595
Apple,AAPL,2023,192.52999877929688,0.95,0.49,4.4,Increased,48.18,Positive,48.67,36.16,31.01,90.91,383285000000.0,96995000000.0,352583000000.0,25.30623426432028,27.50983456377648,0.013647642679900748,0.28661087866108786,0.7011566606341963,0.6780850530537222,1.0000000000000002,0.5942694134874592,0.869520197904916,6.13,15.497553017944535
Apple,AAPL,2024,250.4199981689453,0.99,0.4,4.21,Increased,30.07,Positive,30.47,36.16,31.01,90.91,391035000000.0,93736000000.0,364980000000.0,23.971255769943863,25.682503150857585,0.0024813895781637743,0.2733612273361227,0.558659217877095,0.5260255660456179,1.0000000000000002,0.5603596323040653,0.8045492453100016,6.08,16.282894736842106
Apple,AAPL,2025,271.8599853515625,1.03,0.38,4.04,Increased,8.56,Positive,8.94,36.16,31.01,90.91,416161000000.0,112010000000.0,359241000000.0,26.91506412181824,31.17962593356549,0.0,0.2615062761506276,0.38940908017940046,0.3461442058651517,1.0000000000000002,0.6351352915962671,0.9999999999999999,7.46,13.80697050938338
Johnson & Johnson,JNJ,2015,102.72000122070312,2.95,2.87,,First Year,,First Year,,16.11,8.28,90.91,,,,,,0.30893300248138966,,,,0.30066271363794916,,,,
Johnson & Johnson,JNJ,2016,115.20999908447266,3.1500000000000004,2.73,6.78,Increased,12.16,Positive,14.89,16.11,8.28,90.91,,,,,,0.2915632754342432,0.4525801952580195,0.4177354630576757,0.3958559612331858,0.30066271363794916,,,,
Johnson & Johnson,JNJ,2017,139.72000122070312,3.32,2.38,5.4,Increased,21.27,Positive,23.65,16.11,8.28,90.91,,,,,,0.24813895781637718,0.3563458856345886,0.48941694861908885,0.4690450330019217,0.30066271363794916,,,,
Johnson & Johnson,JNJ,2018,129.0500030517578,3.54,2.74,6.63,Increased,-7.64,Negative,-4.9,16.11,8.28,90.91,,,,,,0.29280397022332516,0.44211994421199435,0.26194035722716186,0.23051215640404382,0.30066271363794916,,,,
Johnson & Johnson,JNJ,2019,145.8699951171875,3.75,2.57,5.93,Increased,13.03,Positive,15.6,16.11,8.28,90.91,,,,,,0.271712158808933,0.39330543933054385,0.4245810055865922,0.40178795220987557,0.30066271363794916,,,,
Johnson & Johnson,JNJ,2020,157.3800048828125,3.98,2.53,6.13,Increased,7.89,Positive,10.42,16.11,8.28,90.91,,,,,,0.2667493796526055,0.407252440725244,0.3841372255881659,0.3585094828306459,0.30066271363794916,,,,
Johnson & Johnson,JNJ,2021,171.07000732421875,4.19,2.45,5.28,Increased,8.7,Positive,11.15,16.11,8.28,90.91,,,,,,0.25682382133995046,0.34797768479776847,0.3905106617357778,0.3646085721447072,0.30066271363794916,,,,
Johnson & Johnson,JNJ,2022,176.64999389648438,4.449999999999999,2.52,6.21,Increased,3.26,Positive,5.78,16.11,8.28,90.91,79990000000.0,17941000000.0,187378000000.0,22.42905363170396,9.574763312662109,0.26550868486352364,0.4128312412831241,0.34770634983082854,0.31974266856044786,0.30066271363794916,0.5211861645152039,0.2318369315831092,6.73,66.12184249628528
Johnson & Johnson,JNJ,2023,156.74000549316406,4.699999999999999,3.0,5.62,Increased,-11.27,Negative,-8.27,16.11,8.28,90.91,85159000000.0,35153000000.0,167558000000.0,41.27925410115196,20.97960109335275,0.32506203473945416,0.37168758716875866,0.23337792115823436,0.20235608655693882,0.30066271363794916,1.0,0.6373370885679484,13.72,34.256559766763836
Johnson & Johnson,JNJ,2024,144.6199951171875,4.91,3.4,4.47,Increased,-7.73,Negative,-4.33,16.11,8.28,90.91,88821000000.0,14066000000.0,180104000000.0,15.836345008500242,7.809932039266202,0.37468982630272957,0.2914923291492329,0.261232197655205,0.2352744590191328,0.30066271363794916,0.3537248100735818,0.1690881777494131,5.79,84.80138169257341
Johnson & Johnson,JNJ,2025,206.9499969482422,5.140000000000001,2.48,4.68,Increased,43.1,Positive,45.58,16.11,8.28,90.91,94193000000.0,26804000000.0,199210000000.0,28.45646704107524,13.455147833944078,0.2605459057071961,0.306136680613668,0.6611849870170745,0.6522683599298187,0.30066271363794916,0.6742884584282651,0.3698043944088797,11.03,46.600181323662746
Coca-Cola,KO,2015,42.959999084472656,1.32,3.07,,First Year,,First Year,,7.49,5.23,90.91,,,,,,0.33374689826302734,,,,0.0,,,,
Coca-Cola,KO,2016,41.459999084472656,1.4,3.38,6.06,Increased,-3.49,Negative,-0.11,7.49,5.23,90.91,,,,,,0.3722084367245658,0.40237099023709894,0.2945943819340625,0.2705322082045284,0.0,,,,
Coca-Cola,KO,2017,45.880001068115234,1.48,3.23,5.71,Increased,10.66,Positive,13.89,7.49,5.23,90.91,,,,,,0.35359801488833753,0.3779637377963737,0.405932803525061,0.38750104436460864,0.0,,,,
Coca-Cola,KO,2018,47.34999847412109,1.56,3.29,5.41,Increased,3.2,Positive,6.49,7.49,5.23,90.91,,,,,,0.36104218362282886,0.35704323570432356,0.34723424344952397,0.32567465953713765,0.0,,,,
Coca-Cola,KO,2019,55.34999847412109,1.6,2.89,2.56,Increased,16.9,Positive,19.79,7.49,5.23,90.91,,,,,,0.3114143920595534,0.15829846582984655,0.45503186718073807,0.43679505388921386,0.0,,,,
Coca-Cola,KO,2020,54.84000015258789,1.64,2.99,2.5,Increased,-0.92,Negative,2.07,7.49,5.23,90.91,,,,,,0.32382133995037227,0.1541143654114365,0.31481627193327566,0.2887459269780266,0.0,,,,
Coca-Cola,KO,2021,59.209999084472656,1.68,2.84,2.44,Increased,7.97,Positive,10.81,7.49,5.23,90.91,,,,,,0.30521091811414397,0.14993026499302647,0.38476670076323866,0.361767900409391,0.0,,,,
Coca-Cola,KO,2022,63.61000061035156,1.76,2.77,4.76,Increased,7.43,Positive,10.2,7.49,5.23,90.91,43004000000.0,9542000000.0,92763000000.0,22.18863361547763,10.286428856332805,0.2965260545905708,0.31171548117154807,0.3805177433314974,0.3566714011195589,0.0,0.5150792570431468,0.25714027172949505,2.19,80.36529680365298
Coca-Cola,KO,2023,58.93000030517578,1.84,3.12,4.55,Increased,-7.36,Negative,-4.24,7.49,5.23,90.91,45754000000.0,10714000000.0,97703000000.0,23.416531887922368,10.965886410857395,0.33995037220843677,0.2970711297071129,0.2641435203399166,0.23602640153730475,0.0,0.54626909411503,0.2812984535749866,2.47,74.49392712550606
Coca-Cola,KO,2024,62.2599983215332,1.94,3.12,5.43,Increased,5.65,Positive,8.77,7.49,5.23,90.91,47061000000.0,10631000000.0,100549000000.0,22.589830220352308,10.57295447990532,0.33995037220843677,0.3584379358437935,0.366511920686128,0.3447238699974936,0.0,0.5252700497339127,0.2673277191595275,2.46,78.86178861788618
Coca-Cola,KO,2025,69.91000366210938,2.04,2.92,5.15,Increased,12.29,Positive,15.21,7.49,5.23,90.91,47941000000.0,13107000000.0,104816000000.0,27.33985523873094,12.504770264081818,0.31513647642679904,0.3389121338912134,0.41875836021716895,0.3985295346311305,0.0,0.6459254083538316,0.3360136241073069,3.04,67.10526315789474
McDonald's,MCD,2015,118.13999938964844,3.44,2.91,,First Year,,First Year,,13.41,10.64,90.91,,,,,,0.3138957816377172,,,,0.20648761771886998,,,,
McDonald's,MCD,2016,121.72000122070312,3.61,2.97,4.94,Increased,3.03,Positive,6.0,13.41,10.64,90.91,,,,,,0.3213399503722085,0.32426778242677823,0.34589660870249433,0.3215807502715349,0.20648761771886998,,,,
McDonald's,MCD,2017,172.1199951171875,3.83,2.23,6.09,Increased,41.41,Positive,43.64,13.41,10.64,90.91,,,,,,0.22952853598014894,0.404463040446304,0.647887323943662,0.6360598212047791,0.20648761771886998,,,,
McDonald's,MCD,2018,177.57000732421875,4.19,2.36,9.4,Increased,3.17,Positive,5.53,13.41,10.64,90.91,,,,,,0.24565756823821344,0.6352859135285913,0.3469981902588717,0.3176539393433036,0.20648761771886998,,,,
McDonald's,MCD,2019,197.6100006103516,4.73,2.39,12.89,Increased,11.29,Positive,13.68,13.41,10.64,90.91,,,,,,0.24937965260545913,0.8786610878661087,0.41088992052875917,0.3857465118222074,0.20648761771886998,,,,
McDonald's,MCD,2020,214.5800018310547,5.04,2.35,6.55,Increased,8.59,Positive,10.94,13.41,10.64,90.91,,,,,,0.24441687344913154,0.4365411436541143,0.38964513337005274,0.362854039602306,0.20648761771886998,,,,
McDonald's,MCD,2021,268.07000732421875,5.25,1.96,4.17,Increased,24.93,Positive,26.89,13.41,10.64,90.91,,,,,,0.196029776674938,0.2705718270571827,0.5182154378786687,0.4961149636561117,0.20648761771886998,,,,
McDonald's,MCD,2022,263.5299987792969,5.66,2.15,7.81,Increased,-1.69,Negative,0.46,13.41,10.64,90.91,23182000000.0,6177000000.0,50435600000.0,26.645673367267708,12.247301509251402,0.21960297766749381,0.5244072524407252,0.3087575733732001,0.27529451081961737,0.20648761771886998,0.6282924985639307,0.32685929657454804,8.33,67.94717887154862
McDonald's,MCD,2023,296.510009765625,6.23,2.1,10.07,Increased,12.51,Positive,14.61,13.41,10.64,90.91,25495000000.0,8469000000.0,56147000000.0,33.21827809374387,15.083619783781858,0.21339950372208444,0.6820083682008368,0.42048941694861913,0.39351658450998417,0.20648761771886998,0.7952431940385081,0.42770487874743357,11.56,53.89273356401384
McDonald's,MCD,2024,289.8900146484375,6.779999999999999,2.34,8.83,Increased,-2.23,Negative,0.11,13.41,10.64,90.91,25920000000.0,8223000000.0,55182000000.0,31.72453703703704,14.90159834728716,0.24317617866004965,0.5955369595536959,0.30450861594145884,0.2723702899156154,0.20648761771886998,0.7573006859075135,0.4212330882237515,11.39,59.525899912203684
McDonald's,MCD,2025,305.6300048828125,7.17,2.35,5.75,Increased,5.43,Positive,7.78,13.41,10.64,90.91,26885000000.0,8563000000.0,59515000000.0,31.850474242142457,14.38796941947408,0.24441687344913154,0.38075313807531375,0.3647808639546778,0.3364525022976022,0.20648761771886998,0.7604996161419423,0.40297095991774534,11.95,60.0
Microsoft,MSFT,2015,55.47999954223633,1.29,2.33,,First Year,,First Year,,26.56,27.08,90.91,,,,,,0.2419354838709678,,,,0.6651552145099409,,,,
Microsoft,MSFT,2016,62.13999938964844,1.47,2.37,13.95,Increased,12.0,Positive,14.37,26.56,27.08,90.91,,,,,,0.24689826302729534,0.9525801952580193,0.4164765127075301,0.39151140446152566,0.6651552145099409,,,,
Microsoft,MSFT,2017,85.54000091552734,1.59,1.86,8.16,Increased,37.66,Positive,39.52,26.56,27.08,90.91,,,,,,0.18362282878411915,0.5488145048814504,0.6183806751121252,0.6016375637062412,0.6651552145099409,,,,
Microsoft,MSFT,2018,101.56999969482422,1.72,1.69,8.18,Increased,18.74,Positive,20.43,26.56,27.08,90.91,,,,,,0.16253101736972708,0.5502092050209204,0.46950979620741207,0.44214220068510324,0.6651552145099409,,,,
Microsoft,MSFT,2019,157.6999969482422,1.89,1.2,9.88,Increased,55.26,Positive,56.46,26.56,27.08,90.91,,,,,,0.10173697270471466,0.6687587168758716,0.7568652136281375,0.7431698554599383,0.6651552145099409,,,,
Microsoft,MSFT,2020,222.4199981689453,2.09,0.94,10.58,Increased,41.04,Positive,41.98,26.56,27.08,90.91,,,,,,0.06947890818858563,0.7175732217573221,0.6449760012589504,0.6221906592029409,0.6651552145099409,,,,
Microsoft,MSFT,2021,336.32000732421875,2.3000000000000003,0.68,10.05,Increased,51.21,Positive,51.89,26.56,27.08,90.91,,,,,,0.03722084367245659,0.6806136680613668,0.724998032890078,0.7049878853705407,0.6651552145099409,,,,
Microsoft,MSFT,2022,239.82000732421875,2.54,1.06,10.43,Increased,-28.69,Negative,-27.63,26.56,27.08,90.91,,,,,,0.08436724565756826,0.707112970711297,0.09630970178613579,0.04060489598128503,0.6651552145099409,,,,
Microsoft,MSFT,2023,376.0400085449219,2.79,0.74,9.84,Increased,56.8,Positive,57.54,26.56,27.08,90.91,211915000000.0,72361000000.0,411976000000.0,34.14623787839464,17.5643726819038,0.0446650124069479,0.6659693165969316,0.7689826107482887,0.7521931656780017,0.6651552145099409,0.8188142952787536,0.5159082981184828,9.68,28.82231404958678
Microsoft,MSFT,2024,421.5,3.08,0.73,10.39,Increased,12.09,Positive,12.82,26.56,27.08,90.91,245122000000.0,88136000000.0,512163000000.0,35.955972944084984,17.208583985957596,0.043424317617866005,0.7043235704323569,0.417184672279487,0.3785612833152311,0.6651552145099409,0.8647833654442921,0.5032581951679715,11.8,26.101694915254235
Microsoft,MSFT,2025,483.6199951171875,3.4,0.7,10.39,Increased,14.74,Positive,15.44,26.56,27.08,90.91,281724000000.0,101832000000.0,619003000000.0,36.14601524896708,16.450970350709124,0.039702233250620354,0.7043235704323569,0.43803603745377295,0.4004511655109032,0.6651552145099409,0.8696106289554919,0.4763211659936287,13.64,24.926686217008793
PepsiCo,PEP,2015,99.91999816894533,2.764,2.77,,First Year,,First Year,,11.72,4.27,90.91,,,,,,0.2965260545905708,,,,0.14754098360655743,,,,
PepsiCo,PEP,2016,104.62999725341795,2.962,2.83,7.16,Increased,4.71,Positive,7.54,11.72,4.27,90.91,,,,,,0.30397022332506207,0.47907949790794974,0.35911558737902277,0.33444732224914364,0.14754098360655743,,,,
PepsiCo,PEP,2017,119.91999816894533,3.168,2.64,6.95,Increased,14.61,Positive,17.25,11.72,4.27,90.91,,,,,,0.28039702233250624,0.4644351464435146,0.4370131402942797,0.4155735650430279,0.14754098360655743,,,,
PepsiCo,PEP,2018,110.4800033569336,3.5890000000000004,3.25,13.29,Increased,-7.87,Negative,-4.62,11.72,4.27,90.91,,,,,,0.3560794044665013,0.9065550906555089,0.2601306160988276,0.23285153312724544,0.14754098360655743,,,,
PepsiCo,PEP,2019,136.6699981689453,3.793,2.78,5.68,Increased,23.71,Positive,26.49,11.72,4.27,90.91,,,,,,0.29776674937965264,0.3758716875871687,0.5086159414588087,0.4927729969086808,0.14754098360655743,,,,
PepsiCo,PEP,2020,148.3000030517578,4.024,2.71,6.09,Increased,8.51,Positive,11.22,11.72,4.27,90.91,,,,,,0.28908188585607947,0.404463040446304,0.38901565819497996,0.3651934163255076,0.14754098360655743,,,,
PepsiCo,PEP,2021,173.7100067138672,4.247999999999999,2.45,5.57,Increased,17.13,Positive,19.58,11.72,4.27,90.91,,,,,,0.25682382133995046,0.36820083682008364,0.45684160830907233,0.43504052134681265,0.14754098360655743,,,,
PepsiCo,PEP,2022,180.6600036621093,4.525,2.5,6.52,Increased,4.0,Positive,6.5,11.72,4.27,90.91,86392000000.0,8910000000.0,92187000000.0,10.313454949532364,9.665137166845652,0.26302729528535984,0.4344490934449093,0.3535289952002518,0.32575820870582345,0.14754098360655743,0.21343791092991987,0.23505018307896103,6.42,70.48286604361371
PepsiCo,PEP,2023,169.83999633789062,4.944999999999999,2.91,9.28,Increased,-5.99,Negative,-3.08,11.72,4.27,90.91,91471000000.0,9074000000.0,100495000000.0,9.92008396103683,9.029304940544304,0.3138957816377172,0.6269177126917711,0.274923282713038,0.24571810510485426,0.14754098360655743,0.2034458966765294,0.2124431041762041,6.56,75.3810975609756
PepsiCo,PEP,2024,152.05999755859375,5.33,3.51,7.79,Increased,-10.47,Negative,-6.96,11.72,4.27,90.91,91854000000.0,9578000000.0,99467000000.0,10.427417423302195,9.629324298511063,0.38833746898263033,0.5230125523012552,0.23967267290896216,0.21330102765477488,0.14754098360655743,0.21633267108143706,0.23377685293512152,6.95,76.69064748201438
PepsiCo,PEP,2025,143.52000427246094,5.6240000000000006,3.92,5.52,Increased,-5.62,Negative,-1.7,11.72,4.27,90.91,93925000000.0,8240000000.0,107399000000.0,8.772957146659568,7.672324695760668,0.4392059553349877,0.36471408647140857,0.2778346053977496,0.2572478903834907,0.14754098360655743,0.17430773495407653,0.1641955347792312,6.0,93.73333333333335
Procter & Gamble,PG,2015,79.41000366210938,2.633,3.32,,First Year,,First Year,,14.34,6.93,90.91,,,,,,0.3647642679900745,,,,0.2389257063132194,,,,
Procter & Gamble,PG,2016,84.08000183105469,2.673,3.18,1.52,Increased,5.88,Positive,9.06,14.34,6.93,90.91,,,,,,0.3473945409429281,0.08577405857740585,0.36832166181446224,0.34714679588938097,0.2389257063132194,,,,
Procter & Gamble,PG,2017,91.87999725341795,2.74,2.98,2.51,Increased,9.28,Positive,12.26,14.34,6.93,90.91,,,,,,0.32258064516129037,0.1548117154811715,0.3950743567550555,0.37388252986882786,0.2389257063132194,,,,
Procter & Gamble,PG,2018,91.91999816894533,2.841,3.09,3.69,Increased,0.04,Positive,3.13,14.34,6.93,90.91,,,,,,0.33622828784119113,0.23709902370990235,0.3223699740341491,0.2976021388587184,0.2389257063132194,,,,
Procter & Gamble,PG,2019,124.9000015258789,2.955,2.37,4.01,Increased,35.88,Positive,38.25,14.34,6.93,90.91,,,,,,0.24689826302729534,0.25941422594142255,0.6043748524667559,0.5910268192831483,0.2389257063132194,,,,
Procter & Gamble,PG,2020,139.13999938964844,3.119,2.24,5.55,Increased,11.4,Positive,13.64,14.34,6.93,90.91,,,,,,0.23076923076923084,0.3668061366806136,0.41175544889448423,0.3854123151474643,0.2389257063132194,,,,
Procter & Gamble,PG,2021,163.5800018310547,3.401,2.08,9.04,Increased,17.57,Positive,19.65,14.34,6.93,90.91,,,,,,0.21091811414392064,0.610181311018131,0.46030372177197265,0.43562536552761305,0.2389257063132194,,,,
Procter & Gamble,PG,2022,151.55999755859375,3.609,2.38,6.12,Increased,-7.35,Negative,-4.97,14.34,6.93,90.91,,,,,,0.24813895781637718,0.40655509065550904,0.2642222047368007,0.22992731222324342,0.2389257063132194,,,,
Procter & Gamble,PG,2023,146.5399932861328,3.736,2.55,3.52,Increased,-3.31,Negative,-0.76,14.34,6.93,90.91,82006000000.0,14653000000.0,120829000000.0,17.868204765504963,12.127055590959124,0.2692307692307693,0.2252440725244072,0.2960107010779763,0.26510151223995326,0.2389257063132194,0.4053360682665896,0.3225839408279841,5.9,63.32203389830509
Procter & Gamble,PG,2024,167.64999389648438,3.962,2.36,6.05,Increased,14.41,Positive,16.77,14.34,6.93,90.91,84039000000.0,14879000000.0,122370000000.0,17.70487511750497,12.159025905042084,0.24565756823821344,0.40167364016736395,0.4354394523565977,0.41156320494611087,0.2389257063132194,0.4011873328017328,0.32372064856804894,6.02,65.8139534883721
Procter & Gamble,PG,2025,143.30999755859375,4.178,2.92,5.45,Increased,-14.52,Negative,-11.6,14.34,6.93,90.91,84284000000.0,15974000000.0,125231000000.0,18.952588866214228,12.755627600194842,0.31513647642679904,0.3598326359832636,0.20780549217090252,0.17453421338457686,0.2389257063132194,0.4328805026741107,0.34493288198108873,6.51,64.17818740399386
Verizon,VZ,2015,46.220001220703125,2.215,4.79,,First Year,,First Year,,11.33,-0.64,90.91,,,,,,0.5471464019851118,,,,0.13393791419602374,,,,
Verizon,VZ,2016,53.380001068115234,2.273,4.26,2.62,Increased,15.49,Positive,19.75,11.33,-0.64,90.91,,,,,,0.4813895781637718,0.1624825662482566,0.44393736722008026,0.4364608572144708,0.13393791419602374,,,,
Verizon,VZ,2017,52.93000030517578,2.324,4.39,2.24,Increased,-0.84,Negative,3.55,11.33,-0.64,90.91,,,,,,0.4975186104218363,0.13598326359832635,0.31544574710834844,0.3011112039435208,0.13393791419602374,,,,
Verizon,VZ,2018,56.220001220703125,2.373,4.22,2.11,Increased,6.22,Positive,10.44,11.33,-0.64,90.91,,,,,,0.4764267990074442,0.12691771269177124,0.3709969313085215,0.3586765811680174,0.13393791419602374,,,,
Verizon,VZ,2019,61.400001525878906,2.424,3.95,2.15,Increased,9.21,Positive,13.16,11.33,-0.64,90.91,,,,,,0.4429280397022333,0.12970711297071127,0.39452356597686683,0.3814019550505473,0.13393791419602374,,,,
Verizon,VZ,2020,58.75,2.473,4.21,2.02,Increased,-4.32,Negative,-0.11,11.33,-0.64,90.91,,,,,,0.4751861042183624,0.12064156206415619,0.28806357699268237,0.2705322082045284,0.13393791419602374,,,,
Verizon,VZ,2021,51.959999084472656,2.524,4.86,2.06,Increased,-11.56,Negative,-6.7,11.33,-0.64,90.91,,,,,,0.555831265508685,0.12343096234309622,0.2310960736485955,0.21547330604060494,0.13393791419602374,,,,
Verizon,VZ,2022,39.400001525878906,2.573,6.53,1.94,Increased,-24.17,Negative,-17.64,11.33,-0.64,90.91,136835000000.0,21256000000.0,379680000000.0,15.53403734424672,5.598398651495996,0.76302729528536,0.11506276150627612,0.13187504917774806,0.12407051549837081,0.13393791419602374,0.3460458948040978,0.0904568852082468,5.06,50.84980237154151
Verizon,VZ,2023,37.70000076293945,2.624,6.96,1.98,Increased,-4.31,Negative,2.65,11.33,-0.64,90.91,133974000000.0,11614000000.0,380255000000.0,8.668846194037648,3.054266216091833,0.816377171215881,0.11785216178521615,0.28814226138956645,0.29359177876180137,0.13393791419602374,0.1716632132355053,0.0,2.75,95.41818181818182
Verizon,VZ,2024,39.9900016784668,2.673,6.68,1.87,Increased,6.07,Positive,12.75,11.33,-0.64,90.91,134788000000.0,17506000000.0,384711000000.0,12.98780306852242,4.550428763409417,0.7816377171215881,0.11018131101813108,0.3698166653552601,0.3779764391344307,0.13393791419602374,0.28136901237102174,0.053196210194177584,4.14,64.56521739130436
Verizon,VZ,2025,40.72999954223633,2.724,6.69,1.91,Increased,1.85,Positive,8.54,11.33,-0.64,90.91,138191000000.0,17174000000.0,404258000000.0,12.427726841834852,4.248277090372979,0.7828784119106702,0.11297071129707109,0.3366118498701708,0.34280223911772084,0.13393791419602374,0.26714251930540295,0.04245317700023349,4.06,67.09359605911331
Walmart,WMT,2015,20.433332443237305,0.653332,3.2,,First Year,,First Year,,23.44,20.36,90.91,,,,,,0.3498759305210919,,,,0.5563306592256716,,,,
Walmart,WMT,2016,23.040000915527344,0.666668,2.89,2.04,Increased,12.76,Positive,15.65,23.44,20.36,90.91,,,,,,0.3114143920595534,0.1220362622036262,0.42245652687072155,0.4022056980533044,0.5563306592256716,,,,
Walmart,WMT,2017,32.91666793823242,0.68,2.07,2.0,Increased,42.87,Positive,44.94,23.44,20.36,90.91,,,,,,0.20967741935483875,0.11924686192468617,0.6593752458887403,0.6469212131339294,0.5563306592256716,,,,
Walmart,WMT,2018,31.049999237060547,0.693332,2.23,1.96,Increased,-5.67,Negative,-3.44,23.44,20.36,90.91,,,,,,0.22952853598014894,0.11645746164574614,0.27744118341332913,0.24271033503216646,0.5563306592256716,,,,
Walmart,WMT,2019,39.61333465576172,0.706668,1.78,1.92,Increased,27.58,Positive,29.36,23.44,20.36,90.91,,,,,,0.17369727047146405,0.1136680613668061,0.5390668030529546,0.5167516083214972,0.5563306592256716,,,,
Walmart,WMT,2020,48.04999923706055,0.72,1.5,1.89,Increased,21.3,Positive,22.8,23.44,20.36,90.91,,,,,,0.13895781637717125,0.1115760111576011,0.48965300180974114,0.46194335366363115,0.5563306592256716,,,,
Walmart,WMT,2021,48.22999954223633,0.733332,1.52,1.85,Increased,0.37,Positive,1.89,23.44,20.36,90.91,,,,,,0.14143920595533502,0.10878661087866107,0.3249665591313243,0.28724204194168274,0.5563306592256716,,,,
Walmart,WMT,2022,47.26333236694336,0.746668,1.58,1.82,Increased,-2.0,Negative,-0.42,23.44,20.36,90.91,,,,,,0.14888337468982635,0.10669456066945604,0.3063183570697931,0.2679421839752695,0.5563306592256716,,,,
Walmart,WMT,2023,52.54999923706055,0.76,1.45,1.79,Increased,11.19,Positive,12.64,23.44,20.36,90.91,611289000000.0,11680000000.0,243197000000.0,1.9107165350595217,4.802690822666398,0.13275434243176182,0.10460251046025103,0.4101030765599182,0.3770573982788872,0.5563306592256716,0.0,0.062165413140949394,1.423333,53.39579704819604
Walmart,WMT,2024,90.3499984741211,0.832,0.92,9.47,Increased,71.93,Positive,72.85,23.44,20.36,90.91,648125000000.0,15511000000.0,252399000000.0,2.3932111861137897,6.1454284684170695,0.06699751861042186,0.6401673640167364,0.8880321032339289,0.8801069429359178,0.5563306592256716,0.012255843901853088,0.1099065854935454,1.913333,43.484328133158215
Walmart,WMT,2025,111.41000366210938,0.94,0.84,12.98,Increased,23.31,Positive,24.15,23.44,20.36,90.91,680985000000.0,19436000000.0,260823000000.0,2.854101044810091,7.451796812397679,0.057071960297766754,0.8849372384937237,0.5054685655834448,0.47322249143621026,0.5563306592256716,0.02396290459524443,0.15635464365541102,2.41,39.00414937759336
Exxon Mobil,XOM,2015,77.94999694824219,2.88,3.69,,First Year,,First Year,,34.3,9.02,90.91,,,,,,0.41066997518610426,,,,0.9351238228113012,,,,
Exxon Mobil,XOM,2016,90.26000213623048,2.98,3.3,3.47,Increased,15.79,Positive,19.09,34.3,9.02,90.91,,,,,,0.3622828784119107,0.22175732217573219,0.4462978991266032,0.4309466120812099,0.9351238228113012,,,,
Exxon Mobil,XOM,2017,83.63999938964844,3.06,3.66,2.68,Increased,-7.33,Negative,-3.67,34.3,9.02,90.91,,,,,,0.4069478908188586,0.16666666666666666,0.2643795735305689,0.24078870415239373,0.9351238228113012,,,,
Exxon Mobil,XOM,2018,68.19000244140625,3.23,4.74,5.56,Increased,-18.47,Negative,-13.73,34.3,9.02,90.91,,,,,,0.5409429280397023,0.3675034867503486,0.17672515540168388,0.15673824045450752,0.9351238228113012,,,,
Exxon Mobil,XOM,2019,69.77999877929688,3.43,4.92,6.19,Increased,2.33,Positive,7.25,34.3,9.02,90.91,,,,,,0.5632754342431763,0.4114365411436541,0.34038870092060747,0.3320243963572563,0.9351238228113012,,,,
Exxon Mobil,XOM,2020,41.220001220703125,3.48,8.44,1.46,Increased,-40.93,Negative,-32.49,34.3,9.02,90.91,,,,,,1.0,0.08158995815899579,0.0,0.0,0.9351238228113012,,,,
Exxon Mobil,XOM,2021,61.18999862670898,3.49,5.7,0.29,Increased,48.45,Positive,54.15,34.3,9.02,90.91,,,,,,0.6600496277915634,0.0,0.703281139350067,0.723869997493525,0.9351238228113012,,,,
Exxon Mobil,XOM,2022,110.3000030517578,3.55,3.22,1.72,Increased,80.26,Positive,83.48,34.3,9.02,90.91,398675000000.0,55740000000.0,369067000000.0,13.981313099642566,15.1029487870766,0.3523573200992557,0.09972105997210598,0.9535762058383823,0.9689197092488931,0.9351238228113012,0.3066051550510039,0.4283921234080853,13.26,26.772247360482655
Exxon Mobil,XOM,2023,99.9800033569336,3.68,3.68,3.66,Increased,-9.36,Negative,-5.68,34.3,9.02,90.91,334697000000.0,36010000000.0,376317000000.0,10.758984992396108,9.56906012749889,0.4094292803970224,0.2350069735006973,0.24840664096309706,0.22399532124655364,0.9351238228113012,0.22475481702824224,0.23163415425970751,8.89,41.394825646794146
Exxon Mobil,XOM,2024,107.56999969482422,3.84,3.57,4.35,Increased,7.59,Positive,11.16,34.3,9.02,90.91,339247000000.0,33680000000.0,453475000000.0,9.927869664285904,7.427090798831247,0.39578163771712166,0.2831241283124128,0.38177669368164296,0.364692121313393,0.9351238228113012,0.2036436612807137,0.15547621885250684,7.84,48.97959183673469
Exxon Mobil,XOM,2025,120.33999633789062,4.0,3.32,4.17,Increased,11.87,Positive,15.19,34.3,9.02,90.91,323905000000.0,28844000000.0,448980000000.0,8.905080193266544,6.424339614236714,0.3647642679900745,0.2705718270571827,0.41545361554803684,0.3983624362937589,0.9351238228113012,0.17766379171349173,0.11982329939947858,6.7,59.70149253731343
