company,ticker,year,year_end_price,dividend_per_share,dividend_yield,dividend_growth,price_growth,annual_stock_return,total_return
Apple,AAPL,2015,26.315000534057617,0.5075000000000001,1.93,,,,
Apple,AAPL,2016,28.95499992370605,0.5575,1.93,9.85,10.03,10.03,11.96
Apple,AAPL,2017,42.307498931884766,0.615,1.45,10.31,46.11,46.11,47.56
Apple,AAPL,2018,39.435001373291016,0.705,1.79,14.63,-6.79,-6.79,-5.0
Apple,AAPL,2019,73.4124984741211,0.76,1.04,7.8,86.16,86.16,87.2
Apple,AAPL,2020,132.69000244140625,0.8075,0.61,6.25,80.75,80.75,81.36
Apple,AAPL,2021,177.57000732421875,0.865,0.49,7.12,33.82,33.82,34.31
Apple,AAPL,2022,129.92999267578125,0.91,0.7,5.2,-26.83,-26.83,-26.13
Apple,AAPL,2023,192.52999877929688,0.95,0.49,4.4,48.18,48.18,48.67
Apple,AAPL,2024,250.4199981689453,0.99,0.4,4.21,30.07,30.07,30.47
Apple,AAPL,2025,271.8599853515625,1.03,0.38,4.04,8.56,8.56,8.94
Johnson & Johnson,JNJ,2015,102.72000122070312,2.95,2.87,,,,
Johnson & Johnson,JNJ,2016,115.20999908447266,3.1500000000000004,2.73,6.78,12.16,12.16,14.89
Johnson & Johnson,JNJ,2017,139.72000122070312,3.32,2.38,5.4,21.27,21.27,23.65
Johnson & Johnson,JNJ,2018,129.0500030517578,3.54,2.74,6.63,-7.64,-7.64,-4.9
Johnson & Johnson,JNJ,2019,145.8699951171875,3.75,2.57,5.93,13.03,13.03,15.6
Johnson & Johnson,JNJ,2020,157.3800048828125,3.98,2.53,6.13,7.89,7.89,10.42
Johnson & Johnson,JNJ,2021,171.07000732421875,4.19,2.45,5.28,8.7,8.7,11.15
Johnson & Johnson,JNJ,2022,176.64999389648438,4.449999999999999,2.52,6.21,3.26,3.26,5.78
Johnson & Johnson,JNJ,2023,156.74000549316406,4.699999999999999,3.0,5.62,-11.27,-11.27,-8.27
Johnson & Johnson,JNJ,2024,144.6199951171875,4.91,3.4,4.47,-7.73,-7.73,-4.33
Johnson & Johnson,JNJ,2025,206.9499969482422,5.140000000000001,2.48,4.68,43.1,43.1,45.58
Coca-Cola,KO,2015,42.959999084472656,1.32,3.07,,,,
Coca-Cola,KO,2016,41.459999084472656,1.4,3.38,6.06,-3.49,-3.49,-0.11
Coca-Cola,KO,2017,45.880001068115234,1.48,3.23,5.71,10.66,10.66,13.89
Coca-Cola,KO,2018,47.34999847412109,1.56,3.29,5.41,3.2,3.2,6.49
Coca-Cola,KO,2019,55.34999847412109,1.6,2.89,2.56,16.9,16.9,19.79
Coca-Cola,KO,2020,54.84000015258789,1.64,2.99,2.5,-0.92,-0.92,2.07
Coca-Cola,KO,2021,59.209999084472656,1.68,2.84,2.44,7.97,7.97,10.81
Coca-Cola,KO,2022,63.61000061035156,1.76,2.77,4.76,7.43,7.43,10.2
Coca-Cola,KO,2023,58.93000030517578,1.84,3.12,4.55,-7.36,-7.36,-4.24
Coca-Cola,KO,2024,62.2599983215332,1.94,3.12,5.43,5.65,5.65,8.77
Coca-Cola,KO,2025,69.91000366210938,2.04,2.92,5.15,12.29,12.29,15.21
McDonald's,MCD,2015,118.13999938964844,3.44,2.91,,,,
McDonald's,MCD,2016,121.72000122070312,3.61,2.97,4.94,3.03,3.03,6.0
McDonald's,MCD,2017,172.1199951171875,3.83,2.23,6.09,41.41,41.41,43.64
McDonald's,MCD,2018,177.57000732421875,4.19,2.36,9.4,3.17,3.17,5.53
McDonald's,MCD,2019,197.6100006103516,4.73,2.39,12.89,11.29,11.29,13.68
McDonald's,MCD,2020,214.5800018310547,5.04,2.35,6.55,8.59,8.59,10.94
McDonald's,MCD,2021,268.07000732421875,5.25,1.96,4.17,24.93,24.93,26.89
McDonald's,MCD,2022,263.5299987792969,5.66,2.15,7.81,-1.69,-1.69,0.46
McDonald's,MCD,2023,296.510009765625,6.23,2.1,10.07,12.51,12.51,14.61
McDonald's,MCD,2024,289.8900146484375,6.779999999999999,2.34,8.83,-2.23,-2.23,0.11
McDonald's,MCD,2025,305.6300048828125,7.17,2.35,5.75,5.43,5.43,7.78
Microsoft,MSFT,2015,55.47999954223633,1.29,2.33,,,,
Microsoft,MSFT,2016,62.13999938964844,1.47,2.37,13.95,12.0,12.0,14.37
Microsoft,MSFT,2017,85.54000091552734,1.59,1.86,8.16,37.66,37.66,39.52
Microsoft,MSFT,2018,101.56999969482422,1.72,1.69,8.18,18.74,18.74,20.43
Microsoft,MSFT,2019,157.6999969482422,1.89,1.2,9.88,55.26,55.26,56.46
Microsoft,MSFT,2020,222.4199981689453,2.09,0.94,10.58,41.04,41.04,41.98
Microsoft,MSFT,2021,336.32000732421875,2.3000000000000003,0.68,10.05,51.21,51.21,51.89
Microsoft,MSFT,2022,239.82000732421875,2.54,1.06,10.43,-28.69,-28.69,-27.63
Microsoft,MSFT,2023,376.0400085449219,2.79,0.74,9.84,56.8,56.8,57.54
Microsoft,MSFT,2024,421.5,3.08,0.73,10.39,12.09,12.09,12.82
Microsoft,MSFT,2025,483.6199951171875,3.4,0.7,10.39,14.74,14.74,15.44
PepsiCo,PEP,2015,99.91999816894533,2.764,2.77,,,,
PepsiCo,PEP,2016,104.62999725341795,2.962,2.83,7.16,4.71,4.71,7.54
PepsiCo,PEP,2017,119.91999816894533,3.168,2.64,6.95,14.61,14.61,17.25
PepsiCo,PEP,2018,110.4800033569336,3.5890000000000004,3.25,13.29,-7.87,-7.87,-4.62
PepsiCo,PEP,2019,136.6699981689453,3.793,2.78,5.68,23.71,23.71,26.49
PepsiCo,PEP,2020,148.3000030517578,4.024,2.71,6.09,8.51,8.51,11.22
PepsiCo,PEP,2021,173.7100067138672,4.247999999999999,2.45,5.57,17.13,17.13,19.58
PepsiCo,PEP,2022,180.66000366210932,4.525,2.5,6.52,4.0,4.0,6.5
PepsiCo,PEP,2023,169.83999633789062,4.944999999999999,2.91,9.28,-5.99,-5.99,-3.08
PepsiCo,PEP,2024,152.05999755859375,5.33,3.51,7.79,-10.47,-10.47,-6.96
PepsiCo,PEP,2025,143.52000427246094,5.6240000000000006,3.92,5.52,-5.62,-5.62,-1.7
Procter & Gamble,PG,2015,79.41000366210938,2.633,3.32,,,,
Procter & Gamble,PG,2016,84.08000183105469,2.673,3.18,1.52,5.88,5.88,9.06
Procter & Gamble,PG,2017,91.87999725341795,2.74,2.98,2.51,9.28,9.28,12.26
Procter & Gamble,PG,2018,91.91999816894533,2.841,3.09,3.69,0.04,0.04,3.13
Procter & Gamble,PG,2019,124.9000015258789,2.955,2.37,4.01,35.88,35.88,38.25
Procter & Gamble,PG,2020,139.13999938964844,3.119,2.24,5.55,11.4,11.4,13.64
Procter & Gamble,PG,2021,163.5800018310547,3.401,2.08,9.04,17.57,17.57,19.65
Procter & Gamble,PG,2022,151.55999755859375,3.609,2.38,6.12,-7.35,-7.35,-4.97
Procter & Gamble,PG,2023,146.5399932861328,3.736,2.55,3.52,-3.31,-3.31,-0.76
Procter & Gamble,PG,2024,167.64999389648438,3.962,2.36,6.05,14.41,14.41,16.77
Procter & Gamble,PG,2025,143.30999755859375,4.178,2.92,5.45,-14.52,-14.52,-11.6
Verizon,VZ,2015,46.220001220703125,2.215,4.79,,,,
Verizon,VZ,2016,53.380001068115234,2.273,4.26,2.62,15.49,15.49,19.75
Verizon,VZ,2017,52.93000030517578,2.324,4.39,2.24,-0.84,-0.84,3.55
Verizon,VZ,2018,56.220001220703125,2.373,4.22,2.11,6.22,6.22,10.44
Verizon,VZ,2019,61.400001525878906,2.424,3.95,2.15,9.21,9.21,13.16
Verizon,VZ,2020,58.75,2.473,4.21,2.02,-4.32,-4.32,-0.11
Verizon,VZ,2021,51.959999084472656,2.524,4.86,2.06,-11.56,-11.56,-6.7
Verizon,VZ,2022,39.400001525878906,2.573,6.53,1.94,-24.17,-24.17,-17.64
Verizon,VZ,2023,37.70000076293945,2.624,6.96,1.98,-4.31,-4.31,2.65
Verizon,VZ,2024,39.9900016784668,2.673,6.68,1.87,6.07,6.07,12.75
Verizon,VZ,2025,40.72999954223633,2.724,6.69,1.91,1.85,1.85,8.54
Walmart,WMT,2015,20.433332443237305,0.653332,3.2,,,,
Walmart,WMT,2016,23.040000915527344,0.666668,2.89,2.04,12.76,12.76,15.65
Walmart,WMT,2017,32.91666793823242,0.68,2.07,2.0,42.87,42.87,44.94
Walmart,WMT,2018,31.049999237060547,0.693332,2.23,1.96,-5.67,-5.67,-3.44
Walmart,WMT,2019,39.61333465576172,0.706668,1.78,1.92,27.58,27.58,29.36
Walmart,WMT,2020,48.04999923706055,0.72,1.5,1.89,21.3,21.3,22.8
Walmart,WMT,2021,48.22999954223633,0.733332,1.52,1.85,0.37,0.37,1.89
Walmart,WMT,2022,47.26333236694336,0.746668,1.58,1.82,-2.0,-2.0,-0.42
Walmart,WMT,2023,52.54999923706055,0.76,1.45,1.79,11.19,11.19,12.64
Walmart,WMT,2024,90.3499984741211,0.832,0.92,9.47,71.93,71.93,72.85
Walmart,WMT,2025,111.41000366210938,0.94,0.84,12.98,23.31,23.31,24.15
Exxon Mobil,XOM,2015,77.94999694824219,2.88,3.69,,,,
Exxon Mobil,XOM,2016,90.26000213623048,2.98,3.3,3.47,15.79,15.79,19.09
Exxon Mobil,XOM,2017,83.63999938964844,3.06,3.66,2.68,-7.33,-7.33,-3.67
Exxon Mobil,XOM,2018,68.19000244140625,3.23,4.74,5.56,-18.47,-18.47,-13.73
Exxon Mobil,XOM,2019,69.77999877929688,3.43,4.92,6.19,2.33,2.33,7.25
Exxon Mobil,XOM,2020,41.220001220703125,3.48,8.44,1.46,-40.93,-40.93,-32.49
Exxon Mobil,XOM,2021,61.18999862670898,3.49,5.7,0.29,48.45,48.45,54.15
Exxon Mobil,XOM,2022,110.3000030517578,3.55,3.22,1.72,80.26,80.26,83.48
Exxon Mobil,XOM,2023,99.9800033569336,3.68,3.68,3.66,-9.36,-9.36,-5.68
Exxon Mobil,XOM,2024,107.56999969482422,3.84,3.57,4.35,7.59,7.59,11.16
Exxon Mobil,XOM,2025,120.33999633789062,4.0,3.32,4.17,11.87,11.87,15.19
