company,ticker,year,year_end_price,dividend_per_share,dividend_yield,dividend_growth,dividend_growth_category,annual_stock_return,return_category,total_return,return_volatility,average_return,dividend_consistency
Apple,AAPL,2015,26.315000534057617,0.5075000000000001,1.93,,First Year,,First Year,,36.16,31.01,90.91
Apple,AAPL,2016,28.95499992370605,0.5575,1.93,9.85,Increased,10.03,Positive,11.96,36.16,31.01,90.91
Apple,AAPL,2017,42.307498931884766,0.615,1.45,10.31,Increased,46.11,Positive,47.56,36.16,31.01,90.91
Apple,AAPL,2018,39.435001373291016,0.705,1.79,14.63,Increased,-6.79,Negative,-5.0,36.16,31.01,90.91
Apple,AAPL,2019,73.4124984741211,0.76,1.04,7.8,Increased,86.16,Positive,87.2,36.16,31.01,90.91
Apple,AAPL,2020,132.69000244140625,0.8075,0.61,6.25,Increased,80.75,Positive,81.36,36.16,31.01,90.91
Apple,AAPL,2021,177.57000732421875,0.865,0.49,7.12,Increased,33.82,Positive,34.31,36.16,31.01,90.91
Apple,AAPL,2022,129.92999267578125,0.91,0.7,5.2,Increased,-26.83,Negative,-26.13,36.16,31.01,90.91
Apple,AAPL,2023,192.52999877929688,0.95,0.49,4.4,Increased,48.18,Positive,48.67,36.16,31.01,90.91
Apple,AAPL,2024,250.4199981689453,0.99,0.4,4.21,Increased,30.07,Positive,30.47,36.16,31.01,90.91
Apple,AAPL,2025,271.8599853515625,1.03,0.38,4.04,Increased,8.56,Positive,8.94,36.16,31.01,90.91
Johnson & Johnson,JNJ,2015,102.72000122070312,2.95,2.87,,First Year,,First Year,,16.11,8.28,90.91
Johnson & Johnson,JNJ,2016,115.20999908447266,3.1500000000000004,2.73,6.78,Increased,12.16,Positive,14.89,16.11,8.28,90.91
Johnson & Johnson,JNJ,2017,139.72000122070312,3.32,2.38,5.4,Increased,21.27,Positive,23.65,16.11,8.28,90.91
Johnson & Johnson,JNJ,2018,129.0500030517578,3.54,2.74,6.63,Increased,-7.64,Negative,-4.9,16.11,8.28,90.91
Johnson & Johnson,JNJ,2019,145.8699951171875,3.75,2.57,5.93,Increased,13.03,Positive,15.6,16.11,8.28,90.91
Johnson & Johnson,JNJ,2020,157.3800048828125,3.98,2.53,6.13,Increased,7.89,Positive,10.42,16.11,8.28,90.91
Johnson & Johnson,JNJ,2021,171.07000732421875,4.19,2.45,5.28,Increased,8.7,Positive,11.15,16.11,8.28,90.91
Johnson & Johnson,JNJ,2022,176.64999389648438,4.449999999999999,2.52,6.21,Increased,3.26,Positive,5.78,16.11,8.28,90.91
Johnson & Johnson,JNJ,2023,156.74000549316406,4.699999999999999,3.0,5.62,Increased,-11.27,Negative,-8.27,16.11,8.28,90.91
Johnson & Johnson,JNJ,2024,144.6199951171875,4.91,3.4,4.47,Increased,-7.73,Negative,-4.33,16.11,8.28,90.91
Johnson & Johnson,JNJ,2025,206.9499969482422,5.140000000000001,2.48,4.68,Increased,43.1,Positive,45.58,16.11,8.28,90.91
Coca-Cola,KO,2015,42.959999084472656,1.32,3.07,,First Year,,First Year,,7.49,5.23,90.91
Coca-Cola,KO,2016,41.459999084472656,1.4,3.38,6.06,Increased,-3.49,Negative,-0.11,7.49,5.23,90.91
Coca-Cola,KO,2017,45.880001068115234,1.48,3.23,5.71,Increased,10.66,Positive,13.89,7.49,5.23,90.91
Coca-Cola,KO,2018,47.34999847412109,1.56,3.29,5.41,Increased,3.2,Positive,6.49,7.49,5.23,90.91
Coca-Cola,KO,2019,55.34999847412109,1.6,2.89,2.56,Increased,16.9,Positive,19.79,7.49,5.23,90.91
Coca-Cola,KO,2020,54.84000015258789,1.64,2.99,2.5,Increased,-0.92,Negative,2.07,7.49,5.23,90.91
Coca-Cola,KO,2021,59.209999084472656,1.68,2.84,2.44,Increased,7.97,Positive,10.81,7.49,5.23,90.91
Coca-Cola,KO,2022,63.61000061035156,1.76,2.77,4.76,Increased,7.43,Positive,10.2,7.49,5.23,90.91
Coca-Cola,KO,2023,58.93000030517578,1.84,3.12,4.55,Increased,-7.36,Negative,-4.24,7.49,5.23,90.91
Coca-Cola,KO,2024,62.2599983215332,1.94,3.12,5.43,Increased,5.65,Positive,8.77,7.49,5.23,90.91
Coca-Cola,KO,2025,69.91000366210938,2.04,2.92,5.15,Increased,12.29,Positive,15.21,7.49,5.23,90.91
McDonald's,MCD,2015,118.13999938964844,3.44,2.91,,First Year,,First Year,,13.41,10.64,90.91
McDonald's,MCD,2016,121.72000122070312,3.61,2.97,4.94,Increased,3.03,Positive,6.0,13.41,10.64,90.91
McDonald's,MCD,2017,172.1199951171875,3.83,2.23,6.09,Increased,41.41,Positive,43.64,13.41,10.64,90.91
McDonald's,MCD,2018,177.57000732421875,4.19,2.36,9.4,Increased,3.17,Positive,5.53,13.41,10.64,90.91
McDonald's,MCD,2019,197.6100006103516,4.73,2.39,12.89,Increased,11.29,Positive,13.68,13.41,10.64,90.91
McDonald's,MCD,2020,214.5800018310547,5.04,2.35,6.55,Increased,8.59,Positive,10.94,13.41,10.64,90.91
McDonald's,MCD,2021,268.07000732421875,5.25,1.96,4.17,Increased,24.93,Positive,26.89,13.41,10.64,90.91
McDonald's,MCD,2022,263.5299987792969,5.66,2.15,7.81,Increased,-1.69,Negative,0.46,13.41,10.64,90.91
McDonald's,MCD,2023,296.510009765625,6.23,2.1,10.07,Increased,12.51,Positive,14.61,13.41,10.64,90.91
McDonald's,MCD,2024,289.8900146484375,6.779999999999999,2.34,8.83,Increased,-2.23,Negative,0.11,13.41,10.64,90.91
McDonald's,MCD,2025,305.6300048828125,7.17,2.35,5.75,Increased,5.43,Positive,7.78,13.41,10.64,90.91
Microsoft,MSFT,2015,55.47999954223633,1.29,2.33,,First Year,,First Year,,26.56,27.08,90.91
Microsoft,MSFT,2016,62.13999938964844,1.47,2.37,13.95,Increased,12.0,Positive,14.37,26.56,27.08,90.91
Microsoft,MSFT,2017,85.54000091552734,1.59,1.86,8.16,Increased,37.66,Positive,39.52,26.56,27.08,90.91
Microsoft,MSFT,2018,101.56999969482422,1.72,1.69,8.18,Increased,18.74,Positive,20.43,26.56,27.08,90.91
Microsoft,MSFT,2019,157.6999969482422,1.89,1.2,9.88,Increased,55.26,Positive,56.46,26.56,27.08,90.91
Microsoft,MSFT,2020,222.4199981689453,2.09,0.94,10.58,Increased,41.04,Positive,41.98,26.56,27.08,90.91
Microsoft,MSFT,2021,336.32000732421875,2.3000000000000003,0.68,10.05,Increased,51.21,Positive,51.89,26.56,27.08,90.91
Microsoft,MSFT,2022,239.82000732421875,2.54,1.06,10.43,Increased,-28.69,Negative,-27.63,26.56,27.08,90.91
Microsoft,MSFT,2023,376.0400085449219,2.79,0.74,9.84,Increased,56.8,Positive,57.54,26.56,27.08,90.91
Microsoft,MSFT,2024,421.5,3.08,0.73,10.39,Increased,12.09,Positive,12.82,26.56,27.08,90.91
Microsoft,MSFT,2025,483.6199951171875,3.4,0.7,10.39,Increased,14.74,Positive,15.44,26.56,27.08,90.91
PepsiCo,PEP,2015,99.91999816894533,2.764,2.77,,First Year,,First Year,,11.72,4.27,90.91
PepsiCo,PEP,2016,104.62999725341795,2.962,2.83,7.16,Increased,4.71,Positive,7.54,11.72,4.27,90.91
PepsiCo,PEP,2017,119.91999816894533,3.168,2.64,6.95,Increased,14.61,Positive,17.25,11.72,4.27,90.91
PepsiCo,PEP,2018,110.4800033569336,3.5890000000000004,3.25,13.29,Increased,-7.87,Negative,-4.62,11.72,4.27,90.91
PepsiCo,PEP,2019,136.6699981689453,3.793,2.78,5.68,Increased,23.71,Positive,26.49,11.72,4.27,90.91
PepsiCo,PEP,2020,148.3000030517578,4.024,2.71,6.09,Increased,8.51,Positive,11.22,11.72,4.27,90.91
PepsiCo,PEP,2021,173.7100067138672,4.247999999999999,2.45,5.57,Increased,17.13,Positive,19.58,11.72,4.27,90.91
PepsiCo,PEP,2022,180.6600036621093,4.525,2.5,6.52,Increased,4.0,Positive,6.5,11.72,4.27,90.91
PepsiCo,PEP,2023,169.83999633789062,4.944999999999999,2.91,9.28,Increased,-5.99,Negative,-3.08,11.72,4.27,90.91
PepsiCo,PEP,2024,152.05999755859375,5.33,3.51,7.79,Increased,-10.47,Negative,-6.96,11.72,4.27,90.91
PepsiCo,PEP,2025,143.52000427246094,5.6240000000000006,3.92,5.52,Increased,-5.62,Negative,-1.7,11.72,4.27,90.91
Procter & Gamble,PG,2015,79.41000366210938,2.633,3.32,,First Year,,First Year,,14.34,6.93,90.91
Procter & Gamble,PG,2016,84.08000183105469,2.673,3.18,1.52,Increased,5.88,Positive,9.06,14.34,6.93,90.91
Procter & Gamble,PG,2017,91.87999725341795,2.74,2.98,2.51,Increased,9.28,Positive,12.26,14.34,6.93,90.91
Procter & Gamble,PG,2018,91.91999816894533,2.841,3.09,3.69,Increased,0.04,Positive,3.13,14.34,6.93,90.91
Procter & Gamble,PG,2019,124.9000015258789,2.955,2.37,4.01,Increased,35.88,Positive,38.25,14.34,6.93,90.91
Procter & Gamble,PG,2020,139.13999938964844,3.119,2.24,5.55,Increased,11.4,Positive,13.64,14.34,6.93,90.91
Procter & Gamble,PG,2021,163.5800018310547,3.401,2.08,9.04,Increased,17.57,Positive,19.65,14.34,6.93,90.91
Procter & Gamble,PG,2022,151.55999755859375,3.609,2.38,6.12,Increased,-7.35,Negative,-4.97,14.34,6.93,90.91
Procter & Gamble,PG,2023,146.5399932861328,3.736,2.55,3.52,Increased,-3.31,Negative,-0.76,14.34,6.93,90.91
Procter & Gamble,PG,2024,167.64999389648438,3.962,2.36,6.05,Increased,14.41,Positive,16.77,14.34,6.93,90.91
Procter & Gamble,PG,2025,143.30999755859375,4.178,2.92,5.45,Increased,-14.52,Negative,-11.6,14.34,6.93,90.91
Verizon,VZ,2015,46.220001220703125,2.215,4.79,,First Year,,First Year,,11.33,-0.64,90.91
Verizon,VZ,2016,53.380001068115234,2.273,4.26,2.62,Increased,15.49,Positive,19.75,11.33,-0.64,90.91
Verizon,VZ,2017,52.93000030517578,2.324,4.39,2.24,Increased,-0.84,Negative,3.55,11.33,-0.64,90.91
Verizon,VZ,2018,56.220001220703125,2.373,4.22,2.11,Increased,6.22,Positive,10.44,11.33,-0.64,90.91
Verizon,VZ,2019,61.400001525878906,2.424,3.95,2.15,Increased,9.21,Positive,13.16,11.33,-0.64,90.91
Verizon,VZ,2020,58.75,2.473,4.21,2.02,Increased,-4.32,Negative,-0.11,11.33,-0.64,90.91
Verizon,VZ,2021,51.959999084472656,2.524,4.86,2.06,Increased,-11.56,Negative,-6.7,11.33,-0.64,90.91
Verizon,VZ,2022,39.400001525878906,2.573,6.53,1.94,Increased,-24.17,Negative,-17.64,11.33,-0.64,90.91
Verizon,VZ,2023,37.70000076293945,2.624,6.96,1.98,Increased,-4.31,Negative,2.65,11.33,-0.64,90.91
Verizon,VZ,2024,39.9900016784668,2.673,6.68,1.87,Increased,6.07,Positive,12.75,11.33,-0.64,90.91
Verizon,VZ,2025,40.72999954223633,2.724,6.69,1.91,Increased,1.85,Positive,8.54,11.33,-0.64,90.91
Walmart,WMT,2015,20.433332443237305,0.653332,3.2,,First Year,,First Year,,23.44,20.36,90.91
Walmart,WMT,2016,23.040000915527344,0.666668,2.89,2.04,Increased,12.76,Positive,15.65,23.44,20.36,90.91
Walmart,WMT,2017,32.91666793823242,0.68,2.07,2.0,Increased,42.87,Positive,44.94,23.44,20.36,90.91
Walmart,WMT,2018,31.049999237060547,0.693332,2.23,1.96,Increased,-5.67,Negative,-3.44,23.44,20.36,90.91
Walmart,WMT,2019,39.61333465576172,0.706668,1.78,1.92,Increased,27.58,Positive,29.36,23.44,20.36,90.91
Walmart,WMT,2020,48.04999923706055,0.72,1.5,1.89,Increased,21.3,Positive,22.8,23.44,20.36,90.91
Walmart,WMT,2021,48.22999954223633,0.733332,1.52,1.85,Increased,0.37,Positive,1.89,23.44,20.36,90.91
Walmart,WMT,2022,47.26333236694336,0.746668,1.58,1.82,Increased,-2.0,Negative,-0.42,23.44,20.36,90.91
Walmart,WMT,2023,52.54999923706055,0.76,1.45,1.79,Increased,11.19,Positive,12.64,23.44,20.36,90.91
Walmart,WMT,2024,90.3499984741211,0.832,0.92,9.47,Increased,71.93,Positive,72.85,23.44,20.36,90.91
Walmart,WMT,2025,111.41000366210938,0.94,0.84,12.98,Increased,23.31,Positive,24.15,23.44,20.36,90.91
Exxon Mobil,XOM,2015,77.94999694824219,2.88,3.69,,First Year,,First Year,,34.3,9.02,90.91
Exxon Mobil,XOM,2016,90.26000213623048,2.98,3.3,3.47,Increased,15.79,Positive,19.09,34.3,9.02,90.91
Exxon Mobil,XOM,2017,83.63999938964844,3.06,3.66,2.68,Increased,-7.33,Negative,-3.67,34.3,9.02,90.91
Exxon Mobil,XOM,2018,68.19000244140625,3.23,4.74,5.56,Increased,-18.47,Negative,-13.73,34.3,9.02,90.91
Exxon Mobil,XOM,2019,69.77999877929688,3.43,4.92,6.19,Increased,2.33,Positive,7.25,34.3,9.02,90.91
Exxon Mobil,XOM,2020,41.220001220703125,3.48,8.44,1.46,Increased,-40.93,Negative,-32.49,34.3,9.02,90.91
Exxon Mobil,XOM,2021,61.18999862670898,3.49,5.7,0.29,Increased,48.45,Positive,54.15,34.3,9.02,90.91
Exxon Mobil,XOM,2022,110.3000030517578,3.55,3.22,1.72,Increased,80.26,Positive,83.48,34.3,9.02,90.91
Exxon Mobil,XOM,2023,99.9800033569336,3.68,3.68,3.66,Increased,-9.36,Negative,-5.68,34.3,9.02,90.91
Exxon Mobil,XOM,2024,107.56999969482422,3.84,3.57,4.35,Increased,7.59,Positive,11.16,34.3,9.02,90.91
Exxon Mobil,XOM,2025,120.33999633789062,4.0,3.32,4.17,Increased,11.87,Positive,15.19,34.3,9.02,90.91
