company,ticker,year,year_end_price,dividend_per_share,dividend_yield,dividend_growth,dividend_consistency,annual_stock_return,total_return,return_volatility,revenue,net_income,total_assets,profit_margin,roa
Apple,AAPL,2015,26.315000534057617,0.5075000000000001,1.93,,90.91,,,36.16,,,,,
Apple,AAPL,2016,28.95499992370605,0.5575,1.93,9.85,90.91,10.03,11.96,36.16,,,,,
Apple,AAPL,2017,42.307498931884766,0.615,1.45,10.31,90.91,46.11,47.56,36.16,,,,,
Apple,AAPL,2018,39.435001373291016,0.705,1.79,14.63,90.91,-6.79,-5.0,36.16,,,,,
Apple,AAPL,2019,73.4124984741211,0.76,1.04,7.8,90.91,86.16,87.2,36.16,,,,,
Apple,AAPL,2020,132.69000244140625,0.8075,0.61,6.25,90.91,80.75,81.36,36.16,,,,,
Apple,AAPL,2021,177.57000732421875,0.865,0.49,7.12,90.91,33.82,34.31,36.16,,,,,
Apple,AAPL,2022,129.92999267578125,0.91,0.7,5.2,90.91,-26.83,-26.13,36.16,394328000000.0,99803000000.0,352755000000.0,25.309640705199733,28.292440929256852
Apple,AAPL,2023,192.52999877929688,0.95,0.49,4.4,90.91,48.18,48.67,36.16,383285000000.0,96995000000.0,352583000000.0,25.30623426432028,27.509834563776476
Apple,AAPL,2024,250.4199981689453,0.99,0.4,4.21,90.91,30.07,30.47,36.16,391035000000.0,93736000000.0,364980000000.0,23.971255769943866,25.682503150857585
Apple,AAPL,2025,271.8599853515625,1.03,0.38,4.04,90.91,8.56,8.94,36.16,416161000000.0,112010000000.0,359241000000.0,26.91506412181824,31.17962593356549
Johnson & Johnson,JNJ,2015,102.72000122070312,2.95,2.87,,90.91,,,16.11,,,,,
Johnson & Johnson,JNJ,2016,115.20999908447266,3.1500000000000004,2.73,6.78,90.91,12.16,14.89,16.11,,,,,
Johnson & Johnson,JNJ,2017,139.72000122070312,3.32,2.38,5.4,90.91,21.27,23.65,16.11,,,,,
Johnson & Johnson,JNJ,2018,129.0500030517578,3.54,2.74,6.63,90.91,-7.64,-4.9,16.11,,,,,
Johnson & Johnson,JNJ,2019,145.8699951171875,3.75,2.57,5.93,90.91,13.03,15.6,16.11,,,,,
Johnson & Johnson,JNJ,2020,157.3800048828125,3.98,2.53,6.13,90.91,7.89,10.42,16.11,,,,,
Johnson & Johnson,JNJ,2021,171.07000732421875,4.19,2.45,5.28,90.91,8.7,11.15,16.11,,,,,
Johnson & Johnson,JNJ,2022,176.64999389648438,4.449999999999999,2.52,6.21,90.91,3.26,5.78,16.11,79990000000.0,17941000000.0,187378000000.0,22.42905363170396,9.574763312662107
Johnson & Johnson,JNJ,2023,156.74000549316406,4.699999999999999,3.0,5.62,90.91,-11.27,-8.27,16.11,85159000000.0,35153000000.0,167558000000.0,41.27925410115196,20.97960109335275
Johnson & Johnson,JNJ,2024,144.6199951171875,4.91,3.4,4.47,90.91,-7.73,-4.33,16.11,88821000000.0,14066000000.0,180104000000.0,15.836345008500242,7.809932039266202
Johnson & Johnson,JNJ,2025,206.9499969482422,5.140000000000001,2.48,4.68,90.91,43.1,45.58,16.11,94193000000.0,26804000000.0,199210000000.0,28.45646704107524,13.455147833944078
Coca-Cola,KO,2015,42.959999084472656,1.32,3.07,,90.91,,,7.49,,,,,
Coca-Cola,KO,2016,41.459999084472656,1.4,3.38,6.06,90.91,-3.49,-0.11,7.49,,,,,
Coca-Cola,KO,2017,45.880001068115234,1.48,3.23,5.71,90.91,10.66,13.89,7.49,,,,,
Coca-Cola,KO,2018,47.34999847412109,1.56,3.29,5.41,90.91,3.2,6.49,7.49,,,,,
Coca-Cola,KO,2019,55.34999847412109,1.6,2.89,2.56,90.91,16.9,19.79,7.49,,,,,
Coca-Cola,KO,2020,54.84000015258789,1.64,2.99,2.5,90.91,-0.92,2.07,7.49,,,,,
Coca-Cola,KO,2021,59.209999084472656,1.68,2.84,2.44,90.91,7.97,10.81,7.49,,,,,
Coca-Cola,KO,2022,63.61000061035156,1.76,2.77,4.76,90.91,7.43,10.2,7.49,43004000000.0,9542000000.0,92763000000.0,22.18863361547763,10.286428856332805
Coca-Cola,KO,2023,58.93000030517578,1.84,3.12,4.55,90.91,-7.36,-4.24,7.49,45754000000.0,10714000000.0,97703000000.0,23.416531887922368,10.965886410857395
Coca-Cola,KO,2024,62.2599983215332,1.94,3.12,5.43,90.91,5.65,8.77,7.49,47061000000.0,10631000000.0,100549000000.0,22.589830220352308,10.57295447990532
Coca-Cola,KO,2025,69.91000366210938,2.04,2.92,5.15,90.91,12.29,15.21,7.49,47941000000.0,13107000000.0,104816000000.0,27.33985523873094,12.504770264081818
McDonald's,MCD,2015,118.13999938964844,3.44,2.91,,90.91,,,13.41,,,,,
McDonald's,MCD,2016,121.72000122070312,3.61,2.97,4.94,90.91,3.03,6.0,13.41,,,,,
McDonald's,MCD,2017,172.1199951171875,3.83,2.23,6.09,90.91,41.41,43.64,13.41,,,,,
McDonald's,MCD,2018,177.57000732421875,4.19,2.36,9.4,90.91,3.17,5.53,13.41,,,,,
McDonald's,MCD,2019,197.6100006103516,4.73,2.39,12.89,90.91,11.29,13.68,13.41,,,,,
McDonald's,MCD,2020,214.5800018310547,5.04,2.35,6.55,90.91,8.59,10.94,13.41,,,,,
McDonald's,MCD,2021,268.07000732421875,5.25,1.96,4.17,90.91,24.93,26.89,13.41,,,,,
McDonald's,MCD,2022,263.5299987792969,5.66,2.15,7.81,90.91,-1.69,0.46,13.41,23182000000.0,6177000000.0,50435600000.0,26.645673367267708,12.247301509251402
McDonald's,MCD,2023,296.510009765625,6.23,2.1,10.07,90.91,12.51,14.61,13.41,25495000000.0,8469000000.0,56147000000.0,33.21827809374387,15.083619783781858
McDonald's,MCD,2024,289.8900146484375,6.779999999999999,2.34,8.83,90.91,-2.23,0.11,13.41,25920000000.0,8223000000.0,55182000000.0,31.724537037037038,14.901598347287159
McDonald's,MCD,2025,305.6300048828125,7.17,2.35,5.75,90.91,5.43,7.78,13.41,26885000000.0,8563000000.0,59515000000.0,31.850474242142457,14.38796941947408
Microsoft,MSFT,2015,55.47999954223633,1.29,2.33,,90.91,,,26.56,,,,,
Microsoft,MSFT,2016,62.13999938964844,1.47,2.37,13.95,90.91,12.0,14.37,26.56,,,,,
Microsoft,MSFT,2017,85.54000091552734,1.59,1.86,8.16,90.91,37.66,39.52,26.56,,,,,
Microsoft,MSFT,2018,101.56999969482422,1.72,1.69,8.18,90.91,18.74,20.43,26.56,,,,,
Microsoft,MSFT,2019,157.6999969482422,1.89,1.2,9.88,90.91,55.26,56.46,26.56,,,,,
Microsoft,MSFT,2020,222.4199981689453,2.09,0.94,10.58,90.91,41.04,41.98,26.56,,,,,
Microsoft,MSFT,2021,336.32000732421875,2.3000000000000003,0.68,10.05,90.91,51.21,51.89,26.56,,,,,
Microsoft,MSFT,2022,239.82000732421875,2.54,1.06,10.43,90.91,-28.69,-27.63,26.56,,,,,
Microsoft,MSFT,2023,376.0400085449219,2.79,0.74,9.84,90.91,56.8,57.54,26.56,211915000000.0,72361000000.0,411976000000.0,34.14623787839464,17.5643726819038
Microsoft,MSFT,2024,421.5,3.08,0.73,10.39,90.91,12.09,12.82,26.56,245122000000.0,88136000000.0,512163000000.0,35.955972944084984,17.208583985957596
Microsoft,MSFT,2025,483.6199951171875,3.4,0.7,10.39,90.91,14.74,15.44,26.56,281724000000.0,101832000000.0,619003000000.0,36.146015248967075,16.450970350709124
PepsiCo,PEP,2015,99.91999816894533,2.764,2.77,,90.91,,,11.72,,,,,
PepsiCo,PEP,2016,104.62999725341795,2.962,2.83,7.16,90.91,4.71,7.54,11.72,,,,,
PepsiCo,PEP,2017,119.91999816894533,3.168,2.64,6.95,90.91,14.61,17.25,11.72,,,,,
PepsiCo,PEP,2018,110.4800033569336,3.5890000000000004,3.25,13.29,90.91,-7.87,-4.62,11.72,,,,,
PepsiCo,PEP,2019,136.6699981689453,3.793,2.78,5.68,90.91,23.71,26.49,11.72,,,,,
PepsiCo,PEP,2020,148.3000030517578,4.024,2.71,6.09,90.91,8.51,11.22,11.72,,,,,
PepsiCo,PEP,2021,173.7100067138672,4.247999999999999,2.45,5.57,90.91,17.13,19.58,11.72,,,,,
PepsiCo,PEP,2022,180.6600036621093,4.525,2.5,6.52,90.91,4.0,6.5,11.72,86392000000.0,8910000000.0,92187000000.0,10.313454949532364,9.665137166845652
PepsiCo,PEP,2023,169.83999633789062,4.944999999999999,2.91,9.28,90.91,-5.99,-3.08,11.72,91471000000.0,9074000000.0,100495000000.0,9.92008396103683,9.029304940544305
PepsiCo,PEP,2024,152.05999755859375,5.33,3.51,7.79,90.91,-10.47,-6.96,11.72,91854000000.0,9578000000.0,99467000000.0,10.427417423302197,9.629324298511063
PepsiCo,PEP,2025,143.52000427246094,5.6240000000000006,3.92,5.52,90.91,-5.62,-1.7,11.72,93925000000.0,8240000000.0,107399000000.0,8.772957146659568,7.672324695760668
Procter & Gamble,PG,2015,79.41000366210938,2.633,3.32,,90.91,,,14.34,,,,,
Procter & Gamble,PG,2016,84.08000183105469,2.673,3.18,1.52,90.91,5.88,9.06,14.34,,,,,
Procter & Gamble,PG,2017,91.87999725341795,2.74,2.98,2.51,90.91,9.28,12.26,14.34,,,,,
Procter & Gamble,PG,2018,91.91999816894533,2.841,3.09,3.69,90.91,0.04,3.13,14.34,,,,,
Procter & Gamble,PG,2019,124.9000015258789,2.955,2.37,4.01,90.91,35.88,38.25,14.34,,,,,
Procter & Gamble,PG,2020,139.13999938964844,3.119,2.24,5.55,90.91,11.4,13.64,14.34,,,,,
Procter & Gamble,PG,2021,163.5800018310547,3.401,2.08,9.04,90.91,17.57,19.65,14.34,,,,,
Procter & Gamble,PG,2022,151.55999755859375,3.609,2.38,6.12,90.91,-7.35,-4.97,14.34,,,,,
Procter & Gamble,PG,2023,146.5399932861328,3.736,2.55,3.52,90.91,-3.31,-0.76,14.34,82006000000.0,14653000000.0,120829000000.0,17.868204765504963,12.127055590959124
Procter & Gamble,PG,2024,167.64999389648438,3.962,2.36,6.05,90.91,14.41,16.77,14.34,84039000000.0,14879000000.0,122370000000.0,17.70487511750497,12.159025905042085
Procter & Gamble,PG,2025,143.30999755859375,4.178,2.92,5.45,90.91,-14.52,-11.6,14.34,84284000000.0,15974000000.0,125231000000.0,18.952588866214228,12.755627600194842
Verizon,VZ,2015,46.220001220703125,2.215,4.79,,90.91,,,11.33,,,,,
Verizon,VZ,2016,53.380001068115234,2.273,4.26,2.62,90.91,15.49,19.75,11.33,,,,,
Verizon,VZ,2017,52.93000030517578,2.324,4.39,2.24,90.91,-0.84,3.55,11.33,,,,,
Verizon,VZ,2018,56.220001220703125,2.373,4.22,2.11,90.91,6.22,10.44,11.33,,,,,
Verizon,VZ,2019,61.400001525878906,2.424,3.95,2.15,90.91,9.21,13.16,11.33,,,,,
Verizon,VZ,2020,58.75,2.473,4.21,2.02,90.91,-4.32,-0.11,11.33,,,,,
Verizon,VZ,2021,51.959999084472656,2.524,4.86,2.06,90.91,-11.56,-6.7,11.33,,,,,
Verizon,VZ,2022,39.400001525878906,2.573,6.53,1.94,90.91,-24.17,-17.64,11.33,136835000000.0,21256000000.0,379680000000.0,15.53403734424672,5.598398651495996
Verizon,VZ,2023,37.70000076293945,2.624,6.96,1.98,90.91,-4.31,2.65,11.33,133974000000.0,11614000000.0,380255000000.0,8.668846194037648,3.0542662160918335
Verizon,VZ,2024,39.9900016784668,2.673,6.68,1.87,90.91,6.07,12.75,11.33,134788000000.0,17506000000.0,384711000000.0,12.987803068522421,4.550428763409417
Verizon,VZ,2025,40.72999954223633,2.724,6.69,1.91,90.91,1.85,8.54,11.33,138191000000.0,17174000000.0,404258000000.0,12.427726841834852,4.248277090372979
Walmart,WMT,2015,20.433332443237305,0.653332,3.2,,90.91,,,23.44,,,,,
Walmart,WMT,2016,23.040000915527344,0.666668,2.89,2.04,90.91,12.76,15.65,23.44,,,,,
Walmart,WMT,2017,32.91666793823242,0.68,2.07,2.0,90.91,42.87,44.94,23.44,,,,,
Walmart,WMT,2018,31.049999237060547,0.693332,2.23,1.96,90.91,-5.67,-3.44,23.44,,,,,
Walmart,WMT,2019,39.61333465576172,0.706668,1.78,1.92,90.91,27.58,29.36,23.44,,,,,
Walmart,WMT,2020,48.04999923706055,0.72,1.5,1.89,90.91,21.3,22.8,23.44,,,,,
Walmart,WMT,2021,48.22999954223633,0.733332,1.52,1.85,90.91,0.37,1.89,23.44,,,,,
Walmart,WMT,2022,47.26333236694336,0.746668,1.58,1.82,90.91,-2.0,-0.42,23.44,,,,,
Walmart,WMT,2023,52.54999923706055,0.76,1.45,1.79,90.91,11.19,12.64,23.44,611289000000.0,11680000000.0,243197000000.0,1.9107165350595219,4.802690822666398
Walmart,WMT,2024,90.3499984741211,0.832,0.92,9.47,90.91,71.93,72.85,23.44,648125000000.0,15511000000.0,252399000000.0,2.3932111861137897,6.1454284684170695
Walmart,WMT,2025,111.41000366210938,0.94,0.84,12.98,90.91,23.31,24.15,23.44,680985000000.0,19436000000.0,260823000000.0,2.854101044810091,7.451796812397679
Exxon Mobil,XOM,2015,77.94999694824219,2.88,3.69,,90.91,,,34.3,,,,,
Exxon Mobil,XOM,2016,90.26000213623048,2.98,3.3,3.47,90.91,15.79,19.09,34.3,,,,,
Exxon Mobil,XOM,2017,83.63999938964844,3.06,3.66,2.68,90.91,-7.33,-3.67,34.3,,,,,
Exxon Mobil,XOM,2018,68.19000244140625,3.23,4.74,5.56,90.91,-18.47,-13.73,34.3,,,,,
Exxon Mobil,XOM,2019,69.77999877929688,3.43,4.92,6.19,90.91,2.33,7.25,34.3,,,,,
Exxon Mobil,XOM,2020,41.220001220703125,3.48,8.44,1.46,90.91,-40.93,-32.49,34.3,,,,,
Exxon Mobil,XOM,2021,61.18999862670898,3.49,5.7,0.29,90.91,48.45,54.15,34.3,,,,,
Exxon Mobil,XOM,2022,110.3000030517578,3.55,3.22,1.72,90.91,80.26,83.48,34.3,398675000000.0,55740000000.0,369067000000.0,13.981313099642566,15.1029487870766
Exxon Mobil,XOM,2023,99.9800033569336,3.68,3.68,3.66,90.91,-9.36,-5.68,34.3,334697000000.0,36010000000.0,376317000000.0,10.758984992396108,9.56906012749889
Exxon Mobil,XOM,2024,107.56999969482422,3.84,3.57,4.35,90.91,7.59,11.16,34.3,339247000000.0,33680000000.0,453475000000.0,9.927869664285904,7.427090798831247
Exxon Mobil,XOM,2025,120.33999633789062,4.0,3.32,4.17,90.91,11.87,15.19,34.3,323905000000.0,28844000000.0,448980000000.0,8.905080193266544,6.424339614236714
