company,ticker,year,year_end_price,dividend_per_share,dividend_yield
Apple,AAPL,2015,26.315000534057617,0.5075000000000001,1.9285578175960105
Apple,AAPL,2016,28.954999923706055,0.5575,1.925401490136297
Apple,AAPL,2017,42.307498931884766,0.615,1.4536430078037756
Apple,AAPL,2018,39.435001373291016,0.705,1.7877519347000463
Apple,AAPL,2019,73.4124984741211,0.76,1.0352460627231075
Apple,AAPL,2020,132.69000244140625,0.8075,0.6085612971154921
Apple,AAPL,2021,177.57000732421875,0.865,0.48713181523984916
Apple,AAPL,2022,129.92999267578125,0.91,0.7003771656254566
Apple,AAPL,2023,192.52999877929688,0.95,0.4934295985162367
Apple,AAPL,2024,250.4199981689453,0.99,0.39533583868653277
Apple,AAPL,2025,271.8599853515625,1.03,0.3788714983810618
Johnson & Johnson,JNJ,2015,102.72000122070312,2.95,2.8718847010736117
Johnson & Johnson,JNJ,2016,115.20999908447266,3.1500000000000004,2.7341376833884024
Johnson & Johnson,JNJ,2017,139.72000122070312,3.32,2.3761809125349878
Johnson & Johnson,JNJ,2018,129.0500030517578,3.54,2.7431227557431517
Johnson & Johnson,JNJ,2019,145.8699951171875,3.75,2.5707822893853973
Johnson & Johnson,JNJ,2020,157.3800048828125,3.98,2.5289108377926204
Johnson & Johnson,JNJ,2021,171.07000732421875,4.19,2.449289659559635
Johnson & Johnson,JNJ,2022,176.64999389648438,4.449999999999999,2.519105663036517
Johnson & Johnson,JNJ,2023,156.74000549316406,4.699999999999999,2.998596296594478
Johnson & Johnson,JNJ,2024,144.6199951171875,4.91,3.395104526190422
Johnson & Johnson,JNJ,2025,206.9499969482422,5.140000000000001,2.4836917495995445
Coca-Cola,KO,2015,42.959999084472656,1.32,3.0726257638052354
Coca-Cola,KO,2016,41.459999084472656,1.4,3.3767487479861504
Coca-Cola,KO,2017,45.880001068115234,1.48,3.225806376514104
Coca-Cola,KO,2018,47.349998474121094,1.56,3.2946146785043937
Coca-Cola,KO,2019,55.349998474121094,1.6,2.890695653312584
Coca-Cola,KO,2020,54.84000015258789,1.64,2.990517861846885
Coca-Cola,KO,2021,59.209999084472656,1.68,2.8373585981705687
Coca-Cola,KO,2022,63.61000061035156,1.76,2.7668605299676523
Coca-Cola,KO,2023,58.93000030517578,1.84,3.122348532956641
Coca-Cola,KO,2024,62.2599983215332,1.94,3.1159653907813114
Coca-Cola,KO,2025,69.91000366210938,2.04,2.9180373238997017
McDonald's,MCD,2015,118.13999938964844,3.44,2.911799574887603
McDonald's,MCD,2016,121.72000122070312,3.61,2.9658231710451064
McDonald's,MCD,2017,172.1199951171875,3.83,2.225191789827994
McDonald's,MCD,2018,177.57000732421875,4.1899999999999995,2.359632723531755
McDonald's,MCD,2019,197.61000061035156,4.7299999999999995,2.393603555179699
McDonald's,MCD,2020,214.5800018310547,5.04,2.348774329850246
McDonald's,MCD,2021,268.07000732421875,5.25,1.9584436365722775
McDonald's,MCD,2022,263.5299987792969,5.66,2.147763072977578
McDonald's,MCD,2023,296.510009765625,6.23,2.1011095055187097
McDonald's,MCD,2024,289.8900146484375,6.779999999999999,2.3388180542273616
McDonald's,MCD,2025,305.6300048828125,7.17,2.345973852517912
Microsoft,MSFT,2015,55.47999954223633,1.29,2.325162239804881
Microsoft,MSFT,2016,62.13999938964844,1.47,2.365626029029024
Microsoft,MSFT,2017,85.54000091552734,1.59,1.8587794984596278
Microsoft,MSFT,2018,101.56999969482422,1.72,1.6934134145593065
Microsoft,MSFT,2019,157.6999969482422,1.8900000000000001,1.1984781462109388
Microsoft,MSFT,2020,222.4199981689453,2.09,0.9396637070433218
Microsoft,MSFT,2021,336.32000732421875,2.3000000000000003,0.6838724874856338
Microsoft,MSFT,2022,239.82000732421875,2.54,1.0591276467463824
Microsoft,MSFT,2023,376.0400085449219,2.79,0.7419423296993957
Microsoft,MSFT,2024,421.5,3.08,0.730723606168446
Microsoft,MSFT,2025,483.6199951171875,3.4,0.7030313126685622
PepsiCo,PEP,2015,99.91999816894531,2.764,2.766213021067727
PepsiCo,PEP,2016,104.62999725341797,2.9619999999999997,2.830928106426228
PepsiCo,PEP,2017,119.91999816894531,3.168,2.6417612144530462
PepsiCo,PEP,2018,110.4800033569336,3.5890000000000004,3.2485516753695496
PepsiCo,PEP,2019,136.6699981689453,3.793,2.7752982006418585
PepsiCo,PEP,2020,148.3000030517578,4.024,2.7134186899481003
PepsiCo,PEP,2021,173.7100067138672,4.247999999999999,2.445454974276323
PepsiCo,PEP,2022,180.66000366210938,4.5249999999999995,2.504704919890936
PepsiCo,PEP,2023,169.83999633789062,4.944999999999999,2.911563887555731
PepsiCo,PEP,2024,152.05999755859375,5.33,3.5051953739155985
PepsiCo,PEP,2025,143.52000427246094,5.6240000000000006,3.91861749761608
Procter & Gamble,PG,2015,79.41000366210938,2.633,3.315703159016904
Procter & Gamble,PG,2016,84.08000183105469,2.673,3.1791150592158237
Procter & Gamble,PG,2017,91.87999725341797,2.7399999999999998,2.982150720404022
Procter & Gamble,PG,2018,91.91999816894531,2.8409999999999997,3.090731132063726
Procter & Gamble,PG,2019,124.9000015258789,2.955,2.3658926852676885
Procter & Gamble,PG,2020,139.13999938964844,3.119,2.2416271479673755
Procter & Gamble,PG,2021,163.5800018310547,3.401,2.0791050017914476
Procter & Gamble,PG,2022,151.55999755859375,3.609,2.3812351927524578
Procter & Gamble,PG,2023,146.5399932861328,3.7359999999999998,2.5494746630055567
Procter & Gamble,PG,2024,167.64999389648438,3.9619999999999997,2.363256871006115
Procter & Gamble,PG,2025,143.30999755859375,4.178,2.915358363809742
Verizon,VZ,2015,46.220001220703125,2.215,4.792297580052518
Verizon,VZ,2016,53.380001068115234,2.2729999999999997,4.258149034316338
Verizon,VZ,2017,52.93000030517578,2.324,4.3907046790112085
Verizon,VZ,2018,56.220001220703125,2.3729999999999998,4.220917731190191
Verizon,VZ,2019,61.400001525878906,2.424,3.9478826380457512
Verizon,VZ,2020,58.75,2.473,4.2093617021276595
Verizon,VZ,2021,51.959999084472656,2.524,4.857582841556003
Verizon,VZ,2022,39.400001525878906,2.573,6.530456599881067
Verizon,VZ,2023,37.70000076293945,2.624,6.96021206073686
Verizon,VZ,2024,39.9900016784668,2.673,6.684170762211586
Verizon,VZ,2025,40.72999954223633,2.724,6.687945078848473
Walmart,WMT,2015,20.433332443237305,0.653332,3.1973834998031823
Walmart,WMT,2016,23.040000915527344,0.666668,2.8935241905772346
Walmart,WMT,2017,32.91666793823242,0.68,2.0658227050077147
Walmart,WMT,2018,31.049999237060547,0.693332,2.232953355993823
Walmart,WMT,2019,39.61333465576172,0.706668,1.7839144473468755
Walmart,WMT,2020,48.04999923706055,0.72,1.498439149702775
Walmart,WMT,2021,48.22999954223633,0.733332,1.520489336430122
Walmart,WMT,2022,47.26333236694336,0.746668,1.5798039676995568
Walmart,WMT,2023,52.54999923706055,0.76,1.446241695592671
Walmart,WMT,2024,90.3499984741211,0.832,0.9208633249045481
Walmart,WMT,2025,111.41000366210938,0.94,0.8437303375834055
Exxon Mobil,XOM,2015,77.94999694824219,2.88,3.6946762190539704
Exxon Mobil,XOM,2016,90.26000213623047,2.98,3.3015731547427305
Exxon Mobil,XOM,2017,83.63999938964844,3.06,3.6585366120635285
Exxon Mobil,XOM,2018,68.19000244140625,3.23,4.736764751952382
Exxon Mobil,XOM,2019,69.77999877929688,3.4299999999999997,4.915448638582738
Exxon Mobil,XOM,2020,41.220001220703125,3.48,8.442503388991017
Exxon Mobil,XOM,2021,61.189998626708984,3.49,5.703546459104905
Exxon Mobil,XOM,2022,110.30000305175781,3.55,3.2184949245506163
Exxon Mobil,XOM,2023,99.9800033569336,3.68,3.680736023644865
Exxon Mobil,XOM,2024,107.56999969482422,3.84,3.5697685329497713
Exxon Mobil,XOM,2025,120.33999633789062,4.0,3.3239156736957183
